-- MACH Alliance Open Data Model Compliant Database Seed Data
-- Mercora - First MACH Alliance Open Data Model Compliant Platform
-- Migration from existing database to MACH Alliance schema

-- =====================================================
-- Categories Data (Migrated from existing database)
-- =====================================================

-- Categories migrated from existing database with MACH Alliance compliance
INSERT INTO categories (id, name, description, slug, status, parent_id, position, path, created_at, updated_at, product_count, attributes, tags, primary_image, seo, extensions) VALUES
('cat_1', '{"en": "Featured"}', '{"en": "Our top recommended gear, handpicked for innovation, quality, and performance in the field."}', '{"en": "featured"}', 'active', NULL, 1, '/featured', datetime('now'), datetime('now'), 0, '{}', '["featured", "highlight", "bestseller", "top"]', '{"url": "categories/featured.png", "alt_text": "Featured products"}', '{"meta_title": "Featured Products - Top Gear", "meta_description": "Our top recommended gear, handpicked for innovation, quality, and performance in the field."}', '{}'),

('cat_2', '{"en": "Sale"}', '{"en": "Top-tier outdoor products at unbeatable prices—limited-time deals on must-have gear"}', '{"en": "sale"}', 'active', NULL, 2, '/sale', datetime('now'), datetime('now'), 0, '{}', '["sale", "discount", "promotion", "clearance", "deals"]', '{"url": "categories/sale.png", "alt_text": "Sale products"}', '{"meta_title": "Sale - Discounted Outdoor Gear", "meta_description": "Top-tier outdoor products at unbeatable prices—limited-time deals on must-have gear"}', '{}'),

('cat_3', '{"en": "Camping"}', '{"en": "Rugged and reliable equipment built for basecamps, wild trails, and everything in between."}', '{"en": "camping"}', 'active', NULL, 3, '/camping', datetime('now'), datetime('now'), 0, '{}', '["camping", "outdoor", "adventure", "basecamp", "trails"]', '{"url": "categories/camping.png", "alt_text": "Camping gear"}', '{"meta_title": "Camping Gear - Outdoor Equipment", "meta_description": "Rugged and reliable equipment built for basecamps, wild trails, and everything in between."}', '{}'),

('cat_4', '{"en": "Apparel"}', '{"en": "Functional, durable clothing and gear designed to adapt to harsh environments and shifting weather."}', '{"en": "apparel"}', 'active', NULL, 4, '/apparel', datetime('now'), datetime('now'), 0, '{}', '["apparel", "clothing", "gear", "weather", "functional"]', '{"url": "categories/apparel.png", "alt_text": "Outdoor apparel"}', '{"meta_title": "Outdoor Apparel - Durable Clothing", "meta_description": "Functional, durable clothing and gear designed to adapt to harsh environments and shifting weather."}', '{}'),

('cat_5', '{"en": "Tools"}', '{"en": "Precision instruments and multipurpose tools engineered for outdoor tasks and tactical readiness."}', '{"en": "tools"}', 'active', NULL, 5, '/tools', datetime('now'), datetime('now'), 0, '{}', '["tools", "tactical", "precision", "multipurpose", "instruments"]', '{"url": "categories/tools.png", "alt_text": "Tactical tools"}', '{"meta_title": "Tactical Tools - Precision Instruments", "meta_description": "Precision instruments and multipurpose tools engineered for outdoor tasks and tactical readiness."}', '{}'),

('cat_6', '{"en": "Tech"}', '{"en": "Advanced devices that enhance exploration—signal packs, field sensors, and performance-driven kits."}', '{"en": "tech"}', 'active', NULL, 6, '/tech', datetime('now'), datetime('now'), 0, '{}', '["tech", "technology", "devices", "sensors", "signal", "performance"]', '{"url": "categories/tech.png", "alt_text": "Tech devices"}', '{"meta_title": "Tech Gear - Advanced Devices", "meta_description": "Advanced devices that enhance exploration—signal packs, field sensors, and performance-driven kits."}', '{}'),

('cat_7', '{"en": "Outdoor Utility"}', '{"en": "Essential gear designed to support every outdoor mission—tools, kits, and devices built for rugged reliability and versatility."}', '{"en": "outdoor-utility"}', 'active', NULL, 7, '/outdoor-utility', datetime('now'), datetime('now'), 0, '{}', '["outdoor", "utility", "essential", "mission", "rugged", "versatile"]', '{"url": "categories/utility.png", "alt_text": "Outdoor utility gear"}', '{"meta_title": "Outdoor Utility - Essential Mission Gear", "meta_description": "Essential gear designed to support every outdoor mission—tools, kits, and devices built for rugged reliability and versatility."}', '{}'),

('cat_8', '{"en": "Navigation"}', '{"en": "Explore confidently with gear designed to help you orient, track, and discover your path forward."}', '{"en": "navigation"}', 'active', NULL, 8, '/navigation', datetime('now'), datetime('now'), 0, '{}', '["navigation", "orient", "track", "explore", "path", "compass"]', '{"url": "categories/navigation.png", "alt_text": "Navigation gear"}', '{"meta_title": "Navigation Gear - Exploration Tools", "meta_description": "Explore confidently with gear designed to help you orient, track, and discover your path forward."}', '{}');

-- Update all categories to have empty children arrays (no hierarchical structure yet)
UPDATE categories SET children = '[]' WHERE parent_id IS NULL;

-- =====================================================
-- Products Data (Migrated from existing database)
-- =====================================================

-- Products migrated from existing database with MACH Alliance compliance
INSERT INTO products (id, name, description, slug, status, external_references, created_at, updated_at, brand, categories, tags, default_variant_id, fulfillment_type, tax_category, primary_image, media, seo, rating, related_products, extensions) VALUES
('prod_1', '{"en": "Vivid Mission Pack"}', '{"en": "The Vivid Mission Pack is engineered for agility and performance in demanding environments. Made from durable materials, it offers modular webbing for attachments, a rugged zip system, and a streamlined profile ideal for missions on the move."}', '{"en": "vivid-mission-pack"}', 'active', '{"legacy_id": "1"}', datetime('now'), datetime('now'), 'Mercora', '["cat_1", "cat_2", "cat_3"]', '["EDC", "compact", "military", "tactical"]', 'variant_1', 'physical', 'standard', '{"url": "products/vivid-mission-pack-0.png", "alt_text": "Vivid Mission Pack"}', '[{"url": "products/vivid-mission-pack-0.png", "alt_text": "Vivid Mission Pack"}]', '{"meta_title": "Vivid Mission Pack - Tactical Backpack", "meta_description": "Compact tactical pack designed for efficient gear organization and rapid deployment."}', '{"average": 4.5, "count": 23}', '["prod_4", "prod_10"]', '{"ai_notes": "Ideal for minimalist loadouts and urban recon missions.", "use_cases": ["daily carry", "field ops", "travel"]}'),

('prod_2', '{"en": "Dusty Fire Tool"}', '{"en": "The Dusty Fire Tool delivers reliable ignition even in wet and windy conditions. Its ergonomic grip, long-lasting ferrocerium rod, and integrated striker make it an essential tool for survivalists, campers, and adventurers."}', '{"en": "dusty-fire-tool"}', 'active', '{"legacy_id": "2"}', datetime('now'), datetime('now'), 'Mercora', '["cat_1", "cat_2", "cat_5"]', '["EDC", "firestarter", "survival"]', 'variant_2', 'physical', 'standard', '{"url": "products/dusty-fire-tool-1.png", "alt_text": "Dusty Fire Tool"}', '[{"url": "products/dusty-fire-tool-1.png", "alt_text": "Dusty Fire Tool"}, {"url": "products/dusty-fire-tool-1a.png", "alt_text": "Dusty Fire Tool Detail"}, {"url": "products/dusty-fire-tool-1b.png", "alt_text": "Dusty Fire Tool Usage"}, {"url": "products/dusty-fire-tool-1c.png", "alt_text": "Dusty Fire Tool Kit"}]', '{"meta_title": "Dusty Fire Tool - Ferro Rod Fire Starter", "meta_description": "Rugged ferro rod fire starter with high-grip handle for dependable sparks."}', '{"average": 4.7, "count": 34}', '["prod_12", "prod_30"]', '{"ai_notes": "Perfect for backcountry expeditions and emergency preparedness kits.", "use_cases": ["camping", "survival", "emergency kits"]}'),

('prod_3', '{"en": "Echo Sky Kit"}', '{"en": "The Echo Sky Kit is your lifeline in the wild. With NOAA weather alerts, FM/AM tuning, and a powerful built-in flashlight, it ensures communication and safety during backcountry treks, storms, or power outages. Comes with a rugged carabiner and durable antenna."}', '{"en": "echo-sky-kit"}', 'active', '{"legacy_id": "3"}', datetime('now'), datetime('now'), 'Mercora', '["cat_1", "cat_2", "cat_5", "cat_8"]', '["communication", "emergency", "radio"]', 'variant_3', 'physical', 'standard', '{"url": "products/echo-sky-kit-2.png", "alt_text": "Echo Sky Kit"}', '[{"url": "products/echo-sky-kit-2.png", "alt_text": "Echo Sky Kit"}]', '{"meta_title": "Echo Sky Kit - Emergency Radio & Communication", "meta_description": "Compact emergency radio and comms unit with built-in weather alerts."}', '{"average": 4.6, "count": 19}', '["prod_26", "prod_29"]', '{"ai_notes": "Designed for off-grid communication and storm readiness. Compact and rugged enough to clip onto any pack.", "use_cases": ["storm prep", "off-grid living", "camping"]}'),

('prod_4', '{"en": "Lunar Signal Pack"}', '{"en": "The Lunar Signal Pack is engineered for rapid deployment scenarios and long-range excursions. It includes modular compartments for tech gear, hydration, and communication tools, along with reinforced MOLLE webbing for accessory attachments. Built to endure lunar light or midnight missions."}', '{"en": "lunar-signal-pack"}', 'active', '{"legacy_id": "4"}', datetime('now'), datetime('now'), 'Mercora', '["cat_1", "cat_3"]', '["gear", "rugged", "tactical"]', 'variant_4', 'physical', 'standard', '{"url": "products/lunar-signal-pack-3.png", "alt_text": "Lunar Signal Pack"}', '[{"url": "products/lunar-signal-pack-3.png", "alt_text": "Lunar Signal Pack"}]', '{"meta_title": "Lunar Signal Pack - Advanced Tactical Backpack", "meta_description": "Advanced tactical backpack with comms-ready organization."}', '{"average": 4.4, "count": 12}', '["prod_1", "prod_23"]', '{"ai_notes": "Developed for tactical operators and adventurers alike. Ideal for both urban carry and expedition use.", "use_cases": ["field operations", "signal kit storage", "outdoor missions"]}'),

('prod_5', '{"en": "Twin Dune Tool"}', '{"en": "Designed for versatility in the harshest conditions, the Twin Dune Tool combines a dual wrench head with a prying edge and hex slot. Wrapped in durable paracord for added grip and emergency use, it''s ideal for quick field adjustments or breaking free from the unexpected."}', '{"en": "twin-dune-tool"}', 'active', '{"legacy_id": "5"}', datetime('now'), datetime('now'), 'Mercora', '["cat_6", "cat_8"]', '["compact", "durable", "multi-tool"]', 'variant_5', 'physical', 'standard', '{"url": "products/twin-dune-tool-4.png", "alt_text": "Twin Dune Tool"}', '[{"url": "products/twin-dune-tool-4.png", "alt_text": "Twin Dune Tool"}]', '{"meta_title": "Twin Dune Tool - Compact Dual-Head Wrench", "meta_description": "Compact dual-head survival wrench with tactical wrap."}', '{"average": 4.3, "count": 28}', '["prod_8", "prod_22"]', '{"ai_notes": "Perfect for field engineers, survivalists, or minimalist gear kits. Its design is inspired by extreme desert conditions and lunar utility.", "use_cases": ["field repair", "emergency gear", "lightweight carry"]}'),

('prod_6', '{"en": "Polar Leaf Device"}', '{"en": "The Polar Leaf Device is a rugged GPS navigation system built for zero-visibility terrain and remote operations. With tactile buttons, high-contrast display, and reinforced housing, it''s ideal for search and rescue teams, backcountry explorers, and off-grid adventurers."}', '{"en": "polar-leaf-device"}', 'active', '{"legacy_id": "6"}', datetime('now'), datetime('now'), 'Mercora', '["cat_1", "cat_3"]', '["GPS", "navigation", "rugged"]', 'variant_6', 'physical', 'standard', '{"url": "products/polar-leaf-device-5.png", "alt_text": "Polar Leaf Device"}', '[{"url": "products/polar-leaf-device-5.png", "alt_text": "Polar Leaf Device"}]', '{"meta_title": "Polar Leaf Device - Durable GPS Navigation", "meta_description": "Durable GPS navigation tool for extreme environments."}', '{"average": 4.8, "count": 15}', '["prod_29", "prod_26"]', '{"ai_notes": "Tailored for survivalists and professionals navigating the wilderness. Cold-resistant with a rubberized shell for enhanced grip in arctic gear.", "use_cases": ["backcountry navigation", "emergency signaling", "expedition tracking"]}'),

('prod_7', '{"en": "Rapid Wave Kit"}', '{"en": "The Rapid Wave Kit is a go-anywhere emergency essentials pouch featuring a rugged shell, internal compartments, and a quick-clip carabiner. Designed for first response and outdoor readiness, this kit is ideal for organizing quick-access tools, signaling gear, or hydration tablets."}', '{"en": "rapid-wave-kit"}', 'active', '{"legacy_id": "7"}', datetime('now'), datetime('now'), 'Mercora', '["cat_1", "cat_4"]', '["emergency", "pouch", "quick-access"]', 'variant_7', 'physical', 'standard', '{"url": "products/rapid-wave-kit-6.png", "alt_text": "Rapid Wave Kit"}', '[{"url": "products/rapid-wave-kit-6.png", "alt_text": "Rapid Wave Kit"}]', '{"meta_title": "Rapid Wave Kit - Emergency Communication Pouch", "meta_description": "Compact emergency communication and survival pouch."}', '{"average": 4.2, "count": 31}', '["prod_15", "prod_24"]', '{"ai_notes": "Compact and versatile, the Rapid Wave Kit serves as a mobile command pouch for outdoor responders, campers, or utility belt configurations.", "use_cases": ["first aid storage", "outdoor readiness", "go-bag supplement"]}'),

('prod_8', '{"en": "Eagle Shadow Tool"}', '{"en": "The Eagle Shadow Tool is engineered for stealth and function. Designed with a reinforced tanto-style blade, integrated bottle opener, and a carabiner clip for easy carry, this is the tool for adventurers, rescue operators, or EDC enthusiasts needing quick utility access in the field."}', '{"en": "eagle-shadow-tool"}', 'active', '{"legacy_id": "8"}', datetime('now'), datetime('now'), 'Mercora', '["cat_5", "cat_6"]', '["tanto", "EDC", "tactical"]', 'variant_8', 'physical', 'standard', '{"url": "products/eagle-shadow-tool-7.png", "alt_text": "Eagle Shadow Tool"}', '[{"url": "products/eagle-shadow-tool-7.png", "alt_text": "Eagle Shadow Tool"}]', '{"meta_title": "Eagle Shadow Tool - Tactical Multi-Tool", "meta_description": "A rugged multitool with a tactical blade and integrated clip."}', '{"average": 4.6, "count": 27}', '["prod_5", "prod_16"]', '{"ai_notes": "Features a tanto blade for piercing strength and tactical design. Built-in carabiner enables easy access on bags or belts. Reliable for EDC or field utility.", "use_cases": ["everyday carry", "emergency access", "survival situations"]}'),

('prod_9', '{"en": "Storm Orbit Device"}', '{"en": "The Storm Orbit Device is a rugged, wrist-mounted flashlight engineered for hands-free illumination in tactical and emergency scenarios. Featuring an ultra-bright LED core, water-resistant housing, and durable strap, it''s perfect for night operations, search and rescue, or utility work."}', '{"en": "storm-orbit-device"}', 'active', '{"legacy_id": "9"}', datetime('now'), datetime('now'), 'Mercora', '["cat_3", "cat_7"]', '["flashlight", "wrist-mounted", "tactical"]', 'variant_9', 'physical', 'standard', '{"url": "products/storm-orbit-device-8.png", "alt_text": "Storm Orbit Device"}', '[{"url": "products/storm-orbit-device-8.png", "alt_text": "Storm Orbit Device"}]', '{"meta_title": "Storm Orbit Device - Wrist-Mounted Flashlight", "meta_description": "A compact, wearable tactical flashlight with high-intensity output."}', '{"average": 4.4, "count": 22}', '["prod_17", "prod_21"]', '{"ai_notes": "Compact wrist-mounted tactical light. Bright LED for high visibility. Ideal for emergency services, outdoor survival, or night patrol.", "use_cases": ["hands-free illumination", "emergency visibility", "tactical operations"]}'),

('prod_10', '{"en": "Coastal Track Pack"}', '{"en": "The Coastal Track Pack combines tactical durability with modern utility. Its roll-top closure ensures protection from the elements, while the large capacity, side mesh pockets, and front MOLLE webbing provide versatile storage for outdoor gear, hydration, and quick-access tools."}', '{"en": "coastal-track-pack"}', 'active', '{"legacy_id": "10"}', datetime('now'), datetime('now'), 'Mercora', '["cat_1"]', '["roll-top", "waterproof", "tactical"]', 'variant_10', 'physical', 'standard', '{"url": "products/coastal-track-pack-9.png", "alt_text": "Coastal Track Pack"}', '[{"url": "products/coastal-track-pack-9.png", "alt_text": "Coastal Track Pack"}]', '{"meta_title": "Coastal Track Pack - Roll-Top Tactical Backpack", "meta_description": "A durable roll-top backpack designed for rugged coastal adventures."}', '{"average": 4.5, "count": 18}', '["prod_1", "prod_18"]', '{"ai_notes": "Roll-top tactical backpack with MOLLE system. Suited for coastal hikes, tactical expeditions, and gear transport in wet conditions.", "use_cases": ["coastal hiking", "weatherproof storage", "multi-day carry"]}'),

('prod_11', '{"en": "Noble Field Pack"}', '{"en": "The Noble Field Pack is a timeless design built for field versatility. Constructed with heavy-duty canvas and leather trim, it''s perfect for day hikes, urban exploring, or workday carry. Features include dual buckle straps, external pockets, and compression side straps for tailored storage."}', '{"en": "noble-field-pack"}', 'active', '{"legacy_id": "11"}', datetime('now'), datetime('now'), 'Mercora', '["cat_4"]', '["vintage", "canvas", "field", "utility"]', 'variant_11', 'physical', 'standard', '{"url": "products/noble-field-pack-10.png", "alt_text": "Noble Field Pack"}', '[{"url": "products/noble-field-pack-10.png", "alt_text": "Noble Field Pack"}]', '{"meta_title": "Noble Field Pack - Vintage Canvas Backpack", "meta_description": "A vintage-style canvas field pack for enduring utility and rugged style."}', '{"average": 4.3, "count": 25}', '["prod_14", "prod_18"]', '{"ai_notes": "Classic brown field backpack with canvas exterior and buckle straps. Ideal for field work, university carry, or weekend hikes.", "use_cases": ["field work", "university carry", "day hiking"]}'),

('prod_12', '{"en": "Nova Flame Device"}', '{"en": "The Nova Flame Device delivers powerful, windproof flame performance in any environment. Designed for tactical use, it features a safety lock, angled burner, and carabiner clip for secure attachment. Built with impact-resistant housing, it''s an essential fire tool for the wild."}', '{"en": "nova-flame-device"}', 'active', '{"legacy_id": "12"}', datetime('now'), datetime('now'), 'Mercora', '["cat_5", "cat_6"]', '["torch", "windproof", "tactical", "ignition"]', 'variant_12', 'physical', 'standard', '{"url": "products/nova-flame-device-11.png", "alt_text": "Nova Flame Device"}', '[{"url": "products/nova-flame-device-11.png", "alt_text": "Nova Flame Device"}]', '{"meta_title": "Nova Flame Device - Tactical Jet Torch", "meta_description": "A tactical jet flame torch for rugged field ignition."}', '{"average": 4.6, "count": 32}', '["prod_2", "prod_30"]', '{"ai_notes": "Compact black torch with angled flame nozzle and red accent. Ideal for outdoor ignition in wind or rain.", "use_cases": ["fire starting", "welding", "tactical operations"]}'),

('prod_13', '{"en": "Solar Arc Tool"}', '{"en": "The Solar Arc Tool provides reliable ignition using solar energy and an internal rechargeable arc system. Designed for off-grid readiness, it features a solar panel, arc ignition button, and durable weather-resistant body. Ideal for sustainable field operations and emergency kits."}', '{"en": "solar-arc-tool"}', 'active', '{"legacy_id": "13"}', datetime('now'), datetime('now'), 'Mercora', '["cat_5", "cat_6"]', '["solar", "arc", "sustainable", "ignition"]', 'variant_13', 'physical', 'standard', '{"url": "products/solar-arc-tool-12.png", "alt_text": "Solar Arc Tool"}', '[{"url": "products/solar-arc-tool-12.png", "alt_text": "Solar Arc Tool"}]', '{"meta_title": "Solar Arc Tool - Solar Ignition Device", "meta_description": "A rugged solar-powered arc ignition device."}', '{"average": 4.4, "count": 18}', '["prod_12", "prod_25"]', '{"ai_notes": "Compact black ignition device with solar panel and orange button. Built for off-grid utility and renewable energy use.", "use_cases": ["off-grid living", "emergency preparedness", "solar camping"]}'),

('prod_14', '{"en": "Shadow Trail Pack"}', '{"en": "The Shadow Trail Pack is designed for minimal visibility and maximum functionality on rugged trails. Featuring a dark tactical finish, multi-compartment design, secure flap buckle, and side utility pockets, it''s built for serious explorers and urban operators alike."}', '{"en": "shadow-trail-pack"}', 'active', '{"legacy_id": "14"}', datetime('now'), datetime('now'), 'Mercora', '["cat_3", "cat_4"]', '["stealth", "tactical", "trail", "rugged"]', 'variant_14', 'physical', 'standard', '{"url": "products/shadow-trail-pack-13.png", "alt_text": "Shadow Trail Pack"}', '[{"url": "products/shadow-trail-pack-13.png", "alt_text": "Shadow Trail Pack"}]', '{"meta_title": "Shadow Trail Pack - Stealth Tactical Backpack", "meta_description": "A stealthy and durable backpack for rugged trails."}', '{"average": 4.5, "count": 21}', '["prod_11", "prod_23"]', '{"ai_notes": "Matte black tactical backpack with buckle closure, side pockets, and reinforced build for trail and stealth use.", "use_cases": ["stealth missions", "trail navigation", "low-profile carry"]}'),

('prod_15', '{"en": "Wild Harbor Kit"}', '{"en": "The Wild Harbor Kit is a rugged, minimalist pouch designed for portability and utility. Ideal for field medics, travelers, or tacticians, this durable kit features dual-zippered compartments, reinforced stitching, and modular attachment loops for a streamlined experience in any environment."}', '{"en": "wild-harbor-kit"}', 'active', '{"legacy_id": "15"}', datetime('now'), datetime('now'), 'Mercora', '["cat_5"]', '["pouch", "utility", "modular", "field"]', 'variant_15', 'physical', 'standard', '{"url": "products/wild-harbor-kit-14.png", "alt_text": "Wild Harbor Kit"}', '[{"url": "products/wild-harbor-kit-14.png", "alt_text": "Wild Harbor Kit"}]', '{"meta_title": "Wild Harbor Kit - Tactical Utility Pouch", "meta_description": "Compact all-purpose pouch for remote operations."}', '{"average": 4.2, "count": 29}', '["prod_7", "prod_24"]', '{"ai_notes": "Compact tactical pouch with dual-zipper compartments, rugged handle, and modular loops for tool or medical storage.", "use_cases": ["field medic", "tool organization", "tactical ops"]}'),

('prod_16', '{"en": "Iron Echo Tool"}', '{"en": "The Iron Echo Tool is a reinforced tactical impact device, combining brute strength with ergonomic design. Featuring a precision-milled tip for breaking barriers, a carabiner loop for rapid access, and skeletonized panels for reduced weight, this tool is trusted by operators in critical breaching or rescue operations."}', '{"en": "iron-echo-tool"}', 'active', '{"legacy_id": "16"}', datetime('now'), datetime('now'), 'Mercora', '["cat_8"]', '["impact", "tactical", "breaching", "rescue"]', 'variant_16', 'physical', 'standard', '{"url": "products/iron-echo-tool-15.png", "alt_text": "Iron Echo Tool"}', '[{"url": "products/iron-echo-tool-15.png", "alt_text": "Iron Echo Tool"}]', '{"meta_title": "Iron Echo Tool - Tactical Impact Tool", "meta_description": "Heavy-duty tactical tool for extreme impact applications."}', '{"average": 4.7, "count": 16}', '["prod_5", "prod_22"]', '{"ai_notes": "Impact breaching tool with a pointed hardened tip, skeletonized grip for lightweight handling, and tactical clip and loop for secure carry.", "use_cases": ["breaching", "rescue operations", "emergency access"]}'),

('prod_17', '{"en": "Prism Blaze Device"}', '{"en": "The Prism Blaze Device is a high-lumen tactical flashlight engineered for maximum durability and visibility in critical operations. Its dual-tone rugged casing ensures secure grip, while the focused reflector cone provides concentrated beam intensity ideal for search, signaling, or field navigation."}', '{"en": "prism-blaze-device"}', 'active', '{"legacy_id": "17"}', datetime('now'), datetime('now'), 'Mercora', '["cat_1"]', '["flashlight", "tactical", "high-lumen", "search"]', 'variant_17', 'physical', 'standard', '{"url": "products/prism-blaze-device-16.png", "alt_text": "Prism Blaze Device"}', '[{"url": "products/prism-blaze-device-16.png", "alt_text": "Prism Blaze Device"}]', '{"meta_title": "Prism Blaze Device - High-Intensity Tactical Flashlight", "meta_description": "High-intensity tactical flashlight with rugged design."}', '{"average": 4.8, "count": 24}', '["prod_9", "prod_21"]', '{"ai_notes": "Features high-powered LED with focused optics, shockproof body, and molded grip zones. Excellent for tactical, outdoor, and emergency use.", "use_cases": ["search and rescue", "tactical operations", "night navigation"]}'),

('prod_18', '{"en": "Crimson Path Pack"}', '{"en": "The Crimson Path Pack combines robust utility with bold aesthetics, featuring reinforced straps, MOLLE webbing, and expansive compartmental design. Ideal for adventurous commuters or trailblazers seeking a standout look with serious function."}', '{"en": "crimson-path-pack"}', 'active', '{"legacy_id": "18"}', datetime('now'), datetime('now'), 'Mercora', '["cat_3", "cat_4"]', '["bold", "adventure", "MOLLE", "commuter"]', 'variant_18', 'physical', 'standard', '{"url": "products/crimson-path-pack-17.png", "alt_text": "Crimson Path Pack"}', '[{"url": "products/crimson-path-pack-17.png", "alt_text": "Crimson Path Pack"}]', '{"meta_title": "Crimson Path Pack - Adventure Tactical Backpack", "meta_description": "Bold and rugged backpack for trail and travel."}', '{"average": 4.4, "count": 20}', '["prod_10", "prod_27"]', '{"ai_notes": "Equipped with adjustable sternum strap, mesh side pockets, and weather-resistant fabric. Ideal for daily carry, trekking, and outdoor missions.", "use_cases": ["adventure travel", "daily commuting", "outdoor missions"]}'),

('prod_19', '{"en": "Arctic Pulse Tool"}', '{"en": "Engineered for extreme environments, the Arctic Pulse Tool features an integrated pulse sensor, high-visibility readout, and a protective outer casing built to withstand the elements. Its durable construction and carabiner-ready design make it perfect for high-altitude and cold-weather expeditions."}', '{"en": "arctic-pulse-tool"}', 'active', '{"legacy_id": "19"}', datetime('now'), datetime('now'), 'Mercora', '["cat_6"]', '["pulse", "sensor", "arctic", "extreme"]', 'variant_19', 'physical', 'standard', '{"url": "products/arctic-pulse-tool-18.png", "alt_text": "Arctic Pulse Tool"}', '[{"url": "products/arctic-pulse-tool-18.png", "alt_text": "Arctic Pulse Tool"}]', '{"meta_title": "Arctic Pulse Tool - Precision Pulse Monitor", "meta_description": "Precision pulse monitor in rugged arctic-grade housing."}', '{"average": 4.6, "count": 14}', '["prod_6", "prod_25"]', '{"ai_notes": "Displays real-time pulse waveform; ideal for emergency response kits, mountaineering teams, or scientific expeditions in cold climates.", "use_cases": ["mountaineering", "emergency response", "scientific expeditions"]}'),

('prod_20', '{"en": "Zenith Rock Kit"}', '{"en": "Designed for rockhounds and geologists alike, the Zenith Rock Kit is a compact, rugged field pack ideal for carrying tools, samples, and essentials. Reinforced with MOLLE webbing and padded compartments, it is built to support rough terrain and long excursions."}', '{"en": "zenith-rock-kit"}', 'active', '{"legacy_id": "20"}', datetime('now'), datetime('now'), 'Mercora', '["cat_3", "cat_4", "cat_7"]', '["geology", "sampling", "fieldwork", "research"]', 'variant_20', 'physical', 'standard', '{"url": "products/zenith-rock-kit-19.png", "alt_text": "Zenith Rock Kit"}', '[{"url": "products/zenith-rock-kit-19.png", "alt_text": "Zenith Rock Kit"}]', '{"meta_title": "Zenith Rock Kit - Geological Field Pack", "meta_description": "Durable geological sampling pack for fieldwork and discovery."}', '{"average": 4.3, "count": 17}', '["prod_15", "prod_24"]', '{"ai_notes": "Perfect for geological exploration, fossil collection, and rugged outdoor research expeditions. Highly portable and weather-resistant.", "use_cases": ["geological surveys", "rock collecting", "scientific field work"]}'),

('prod_21', '{"en": "Stealth Brook Device"}', '{"en": "The Stealth Brook Device is a lightweight, pocket-sized tactical flashlight built for covert operations and nighttime navigation. Featuring textured grip zones, a recessed power switch, and a rugged clip, it provides reliability and discretion in low-light environments."}', '{"en": "stealth-brook-device"}', 'active', '{"legacy_id": "21"}', datetime('now'), datetime('now'), 'Mercora', '["cat_5", "cat_6", "cat_8"]', '["stealth", "compact", "tactical", "navigation"]', 'variant_21', 'physical', 'standard', '{"url": "products/stealth-brook-device-20.png", "alt_text": "Stealth Brook Device"}', '[{"url": "products/stealth-brook-device-20.png", "alt_text": "Stealth Brook Device"}]', '{"meta_title": "Stealth Brook Device - Compact Tactical Flashlight", "meta_description": "Compact tactical flashlight for stealth and utility."}', '{"average": 4.5, "count": 22}', '["prod_17", "prod_9"]', '{"ai_notes": "Ideal for camping, night treks, or emergency use. Compact yet powerful with easy-to-access controls and durable all-weather construction.", "use_cases": ["covert operations", "night navigation", "emergency lighting"]}'),

('prod_22', '{"en": "Comet Trace Tool"}', '{"en": "The Comet Trace Tool is a robust, compact utility tool housed in a protective tactical sheath. Crafted from high-strength alloy, it includes multiple integrated functions such as a hex wrench, pry edge, and screw bit interface, making it ideal for field adjustments and gear maintenance."}', '{"en": "comet-trace-tool"}', 'active', '{"legacy_id": "22"}', datetime('now'), datetime('now'), 'Mercora', '["cat_5"]', '["utility", "multitool", "maintenance", "compact"]', 'variant_22', 'physical', 'standard', '{"url": "products/comet-trace-tool-21.png", "alt_text": "Comet Trace Tool"}', '[{"url": "products/comet-trace-tool-21.png", "alt_text": "Comet Trace Tool"}]', '{"meta_title": "Comet Trace Tool - Compact Utility Tool", "meta_description": "Multifunctional compact tool with durable sheath."}', '{"average": 4.4, "count": 26}', '["prod_5", "prod_16"]', '{"ai_notes": "Excellent for field repairs, everyday carry, or survival kits. Sleek and tactical, it includes a MOLLE-compatible sheath and corrosion-resistant finish.", "use_cases": ["field maintenance", "gear repair", "everyday carry"]}'),

('prod_23', '{"en": "Onyx Surge Pack"}', '{"en": "The Onyx Surge Pack is engineered for durability and capacity, perfect for fast-response missions or heavy-duty daily use. Built with rugged nylon, internal organization, hydration compatibility, and MOLLE webbing throughout, this pack supports high-performance demands in stealth and style."}', '{"en": "onyx-surge-pack"}', 'active', '{"legacy_id": "23"}', datetime('now'), datetime('now'), 'Mercora', '["cat_3", "cat_4"]', '["stealth", "tactical", "capacity", "MOLLE"]', 'variant_23', 'physical', 'standard', '{"url": "products/onyx-surge-pack-22.png", "alt_text": "Onyx Surge Pack"}', '[{"url": "products/onyx-surge-pack-22.png", "alt_text": "Onyx Surge Pack"}]', '{"meta_title": "Onyx Surge Pack - Stealth Tactical Backpack", "meta_description": "Stealth-ready tactical backpack for dynamic loads."}', '{"average": 4.6, "count": 19}', '["prod_4", "prod_14"]', '{"ai_notes": "Ideal for tactical operators, outdoor missions, or urban carry. Equipped with compression straps, reinforced stitching, and padded support to carry heavy loads comfortably.", "use_cases": ["tactical missions", "heavy-duty carry", "urban operations"]}'),

('prod_24', '{"en": "Bright Echo Kit"}', '{"en": "The Bright Echo Kit offers utility in a small form—perfect for tactical medics, quick-access gear, or field tech tools. Durable canvas with reinforced loops and MOLLE-compatible design ensure seamless integration with packs or belts."}', '{"en": "bright-echo-kit"}', 'active', '{"legacy_id": "24"}', datetime('now'), datetime('now'), 'Mercora', '["cat_3", "cat_4", "cat_7"]', '["medical", "utility", "MOLLE", "compact"]', 'variant_24', 'physical', 'standard', '{"url": "products/bright-echo-kit-23.png", "alt_text": "Bright Echo Kit"}', '[{"url": "products/bright-echo-kit-23.png", "alt_text": "Bright Echo Kit"}]', '{"meta_title": "Bright Echo Kit - Tactical Utility Pouch", "meta_description": "Compact field pouch for fast-access essentials."}', '{"average": 4.1, "count": 31}', '["prod_7", "prod_15"]', '{"ai_notes": "Great for on-the-go operations, first aid, or communication gear. Includes quick-release buckle, interior compartments, and weather-resistant build.", "use_cases": ["tactical medical", "field communications", "quick access tools"]}'),

('prod_25', '{"en": "Frost Hollow Device"}', '{"en": "The Frost Hollow Device is engineered for extreme environments. With ruggedized housing, a thermal-safe grip, and insulated electronics, it''s perfect for signaling, location tracking, or activating cold-weather gear. Designed to survive the frostiest expeditions."}', '{"en": "frost-hollow-device"}', 'active', '{"legacy_id": "25"}', datetime('now'), datetime('now'), 'Mercora', '["cat_3", "cat_6", "cat_8"]', '["cold-weather", "survival", "beacon", "tracking"]', 'variant_25', 'physical', 'standard', '{"url": "products/frost-hollow-device-24.png", "alt_text": "Frost Hollow Device"}', '[{"url": "products/frost-hollow-device-24.png", "alt_text": "Frost Hollow Device"}]', '{"meta_title": "Frost Hollow Device - Cold-Weather Survival Beacon", "meta_description": "Cold-weather survival beacon and tracker."}', '{"average": 4.4, "count": 13}', '["prod_6", "prod_19"]', '{"ai_notes": "Built to withstand sub-zero conditions. Features a high-grip texture, compact body, lanyard loop, and oversized knob for use with gloves.", "use_cases": ["arctic expeditions", "emergency signaling", "cold weather survival"]}'),

('prod_26', '{"en": "Signal Glade Tool"}', '{"en": "The Signal Glade Tool is a rugged, palm-sized unit for communication, beaconing, and emergency data relay. Designed with a bright display and textured grips, this device fits field teams needing connectivity and signal clarity in wilderness or off-grid zones."}', '{"en": "signal-glade-tool"}', 'active', '{"legacy_id": "26"}', datetime('now'), datetime('now'), 'Mercora', '["cat_3"]', '["communication", "beacon", "data", "off-grid"]', 'variant_26', 'physical', 'standard', '{"url": "products/signal-glade-tool-25.png", "alt_text": "Signal Glade Tool"}', '[{"url": "products/signal-glade-tool-25.png", "alt_text": "Signal Glade Tool"}]', '{"meta_title": "Signal Glade Tool - Communication Interface", "meta_description": "Compact comms and navigation interface."}', '{"average": 4.5, "count": 16}', '["prod_3", "prod_29"]', '{"ai_notes": "Wide signal support in compact form factor. Features a shock-resistant screen frame, reinforced rubber grip zones, tactical green shell, and a bright orange cord for visibility.", "use_cases": ["field communications", "emergency beacon", "off-grid connectivity"]}'),

('prod_27', '{"en": "Ember Crest Pack"}', '{"en": "The Ember Crest Pack features a dual-tone design with a sharp ember-colored panel accenting the front, secured with front buckles and dual side straps. Designed for adventure with tactical styling, it''s ideal for those who want a sturdy carry with flair."}', '{"en": "ember-crest-pack"}', 'active', '{"legacy_id": "27"}', datetime('now'), datetime('now'), 'Mercora', '["cat_3", "cat_4"]', '["adventure", "dual-tone", "tactical", "flair"]', 'variant_27', 'physical', 'standard', '{"url": "products/ember-crest-pack-26.png", "alt_text": "Ember Crest Pack"}', '[{"url": "products/ember-crest-pack-26.png", "alt_text": "Ember Crest Pack"}]', '{"meta_title": "Ember Crest Pack - Adventure Field Pack", "meta_description": "Bold field pack for elevated excursions."}', '{"average": 4.3, "count": 22}', '["prod_18", "prod_11"]', '{"ai_notes": "Black rugged pack with ember red geometric front panel. Features buckle flap closure, outer zip pocket, adjustable compression straps, and reinforced shoulder harness for extended wear.", "use_cases": ["adventure travel", "tactical style carry", "elevated excursions"]}'),

('prod_28', '{"en": "Sunbeam Range Kit"}', '{"en": "The Sunbeam Range Kit is a standout utility pouch with a rugged mustard-colored canvas exterior. Featuring a front zipper pocket and durable buckle side straps, this kit is perfect for carrying essential gear in style."}', '{"en": "sunbeam-range-kit"}', 'active', '{"legacy_id": "28"}', datetime('now'), datetime('now'), 'Mercora', '["cat_4", "cat_7"]', '["utility", "mustard", "canvas", "style"]', 'variant_28', 'physical', 'standard', '{"url": "products/sunbeam-range-kit-27.png", "alt_text": "Sunbeam Range Kit"}', '[{"url": "products/sunbeam-range-kit-27.png", "alt_text": "Sunbeam Range Kit"}]', '{"meta_title": "Sunbeam Range Kit - Compact Utility Pouch", "meta_description": "Compact carry pouch in bright mustard yellow."}', '{"average": 4.2, "count": 28}', '["prod_24", "prod_15"]', '{"ai_notes": "Mustard yellow compact kit with a top carry handle, black front zipper, and dark olive side buckle straps. Clean stitched patch label adds a refined touch. Ideal for organizing essentials.", "use_cases": ["range activities", "gear organization", "stylish carry"]}'),

('prod_29', '{"en": "Quantum Ash Device"}', '{"en": "The Quantum Ash Device is a tactical digital compass encased in a rugged, charcoal-toned exterior. Equipped with tactile arrow keys and an \"OK\" selection button, it''s built for precision and durability in outdoor conditions."}', '{"en": "quantum-ash-device"}', 'active', '{"legacy_id": "29"}', datetime('now'), datetime('now'), 'Mercora', '["cat_6", "cat_8"]', '["compass", "tactical", "digital", "navigation"]', 'variant_29', 'physical', 'standard', '{"url": "products/quantum-ash-device-28.png", "alt_text": "Quantum Ash Device"}', '[{"url": "products/quantum-ash-device-28.png", "alt_text": "Quantum Ash Device"}]', '{"meta_title": "Quantum Ash Device - Digital Tactical Compass", "meta_description": "Compact navigation device with rugged black casing."}', '{"average": 4.7, "count": 15}', '["prod_6", "prod_26"]', '{"ai_notes": "Charcoal black nav-device with analog-style digital compass interface. Features rubberized side grips, top antenna, durable directional buttons, and lanyard loop. Built for field utility.", "use_cases": ["tactical navigation", "precision compass work", "field operations"]}'),

('prod_30', '{"en": "Volcanic Ridge Tool"}', '{"en": "The Volcanic Ridge Tool is a compact, fire-inspired utility tool featuring a glowing flame motif. Designed for durability and performance, it sports a reinforced black body with textured grips, a knurled adjustment knob, and integrated carabiner loop."}', '{"en": "volcanic-ridge-tool"}', 'active', '{"legacy_id": "30"}', datetime('now'), datetime('now'), 'Mercora', '["cat_5"]', '["fire", "utility", "flame", "compact"]', 'variant_30', 'physical', 'standard', '{"url": "products/volcanic-ridge-tool-29.png", "alt_text": "Volcanic Ridge Tool"}', '[{"url": "products/volcanic-ridge-tool-29.png", "alt_text": "Volcanic Ridge Tool"}]', '{"meta_title": "Volcanic Ridge Tool - Fire-Themed Utility Tool", "meta_description": "Fire-themed utility tool with rugged grip and glowing flame tip."}', '{"average": 4.5, "count": 20}', '["prod_2", "prod_12"]', '{"ai_notes": "Compact fire-themed tool with black rugged polymer casing. Features illuminated flame tip, knurled side dial, integrated carabiner, and bright orange label. Ideal for emergency signal or survival applications.", "use_cases": ["emergency signaling", "survival applications", "fire-themed utility"]}');

-- =====================================================
-- Product Variants Data (Migrated from existing database)
-- =====================================================

-- Product variants with pricing and inventory for first 10 products
INSERT INTO product_variants (id, product_id, sku, option_values, price, status, position, compare_at_price, cost, weight, dimensions, barcode, inventory, tax_category, shipping_required, media, attributes, created_at, updated_at) VALUES
('variant_1', 'prod_1', 'VMP-001', '[]', '{"amount": 7999, "currency": "USD"}', 'active', 1, '{"amount": 7999, "currency": "USD"}', '{"amount": 4000, "currency": "USD"}', '{"value": 2.5, "unit": "lbs"}', '{"length": 18, "width": 12, "height": 8, "unit": "inches"}', 'VMP001BAR', '{"quantity": 50, "status": "in_stock"}', 'standard', 1, '[]', '{"capacity": "10L", "color": "Olive Drab", "material": "Cordura nylon"}', datetime('now'), datetime('now')),

('variant_2', 'prod_2', 'DFT-001', '[]', '{"amount": 2499, "currency": "USD"}', 'active', 1, '{"amount": 2499, "currency": "USD"}', '{"amount": 1200, "currency": "USD"}', '{"value": 0.3, "unit": "lbs"}', '{"length": 5, "width": 1, "height": 0.5, "unit": "inches"}', 'DFT001BAR', '{"quantity": 150, "status": "in_stock"}', 'standard', 1, '[]', '{"color": "Charcoal Black", "length": "5 inches", "material": "ferrocerium & polymer grip"}', datetime('now'), datetime('now')),

('variant_3', 'prod_3', 'ESK-001', '[]', '{"amount": 4999, "currency": "USD"}', 'active', 1, '{"amount": 4999, "currency": "USD"}', '{"amount": 2500, "currency": "USD"}', '{"value": 1.2, "unit": "lbs"}', '{"length": 6, "width": 4, "height": 2.5, "unit": "inches"}', 'ESK001BAR', '{"quantity": 75, "status": "in_stock"}', 'standard', 1, '[]', '{"bands": "AM/FM/NOAA", "battery": "Rechargeable lithium-ion", "color": "Tactical Black"}', datetime('now'), datetime('now')),

('variant_4', 'prod_4', 'LSP-001', '[]', '{"amount": 7999, "currency": "USD"}', 'active', 1, '{"amount": 7999, "currency": "USD"}', '{"amount": 4000, "currency": "USD"}', '{"value": 3.2, "unit": "lbs"}', '{"length": 20, "width": 14, "height": 9, "unit": "inches"}', 'LSP001BAR', '{"quantity": 60, "status": "in_stock"}', 'standard', 1, '[]', '{"capacity": "28L", "color": "Carbon Black", "material": "Ballistic Nylon"}', datetime('now'), datetime('now')),

('variant_5', 'prod_5', 'TDT-001', '[]', '{"amount": 3499, "currency": "USD"}', 'active', 1, '{"amount": 3499, "currency": "USD"}', '{"amount": 1700, "currency": "USD"}', '{"value": 0.4, "unit": "lbs"}', '{"length": 5.5, "width": 1.5, "height": 0.8, "unit": "inches"}', 'TDT001BAR', '{"quantity": 90, "status": "in_stock"}', 'standard', 1, '[]', '{"grip": "Paracord wrapped", "length": "5.5 in", "material": "Anodized Steel"}', datetime('now'), datetime('now')),

('variant_6', 'prod_6', 'PLD-001', '[]', '{"amount": 12999, "currency": "USD"}', 'active', 1, '{"amount": 12999, "currency": "USD"}', '{"amount": 6500, "currency": "USD"}', '{"value": 0.8, "unit": "lbs"}', '{"length": 4, "width": 2.5, "height": 1.5, "unit": "inches"}', 'PLD001BAR', '{"quantity": 60, "status": "in_stock"}', 'standard', 1, '[]', '{"type": "GPS Navigation", "display": "High-contrast LCD", "housing": "Reinforced tactical"}', datetime('now'), datetime('now')),

('variant_7', 'prod_7', 'RWK-001', '[]', '{"amount": 4499, "currency": "USD"}', 'active', 1, '{"amount": 4499, "currency": "USD"}', '{"amount": 2200, "currency": "USD"}', '{"value": 0.6, "unit": "lbs"}', '{"length": 8, "width": 5, "height": 2, "unit": "inches"}', 'RWK001BAR', '{"quantity": 80, "status": "in_stock"}', 'standard', 1, '[]', '{"type": "Emergency Kit", "compartments": "Multiple", "attachment": "Carabiner clip"}', datetime('now'), datetime('now')),

('variant_8', 'prod_8', 'EST-001', '[]', '{"amount": 5999, "currency": "USD"}', 'active', 1, '{"amount": 5999, "currency": "USD"}', '{"amount": 3000, "currency": "USD"}', '{"value": 0.5, "unit": "lbs"}', '{"length": 4, "width": 1, "height": 0.5, "unit": "inches"}', 'EST001BAR', '{"quantity": 120, "status": "in_stock"}', 'standard', 1, '[]', '{"blade": "Tanto-style", "features": "Bottle opener, carabiner", "material": "Tactical steel"}', datetime('now'), datetime('now')),

('variant_9', 'prod_9', 'SOD-001', '[]', '{"amount": 4499, "currency": "USD"}', 'active', 1, '{"amount": 4499, "currency": "USD"}', '{"amount": 2200, "currency": "USD"}', '{"value": 0.3, "unit": "lbs"}', '{"length": 3, "width": 2, "height": 1.5, "unit": "inches"}', 'SOD001BAR', '{"quantity": 140, "status": "in_stock"}', 'standard', 1, '[]', '{"type": "Wrist flashlight", "LED": "Ultra-bright", "housing": "Water-resistant"}', datetime('now'), datetime('now')),

('variant_10', 'prod_10', 'CTP-001', '[]', '{"amount": 7499, "currency": "USD"}', 'active', 1, '{"amount": 7499, "currency": "USD"}', '{"amount": 3700, "currency": "USD"}', '{"value": 2.8, "unit": "lbs"}', '{"length": 19, "width": 13, "height": 7, "unit": "inches"}', 'CTP001BAR', '{"quantity": 110, "status": "in_stock"}', 'standard', 1, '[]', '{"closure": "Roll-top", "webbing": "MOLLE compatible", "capacity": "35L"}', datetime('now'), datetime('now')),

('variant_11', 'prod_11', 'NFP-001', '[]', '{"amount": 6899, "currency": "USD"}', 'active', 1, '{"amount": 6899, "currency": "USD"}', '{"amount": 3400, "currency": "USD"}', '{"value": 2.2, "unit": "lbs"}', '{"length": 17, "width": 11, "height": 6, "unit": "inches"}', 'NFP001BAR', '{"quantity": 95, "status": "in_stock"}', 'standard', 1, '[]', '{"material": "Heavy-duty canvas", "trim": "Leather", "closure": "Dual buckle"}', datetime('now'), datetime('now')),

('variant_12', 'prod_12', 'NFD-001', '[]', '{"amount": 4499, "currency": "USD"}', 'active', 1, '{"amount": 4499, "currency": "USD"}', '{"amount": 2200, "currency": "USD"}', '{"value": 0.4, "unit": "lbs"}', '{"length": 4, "width": 1.5, "height": 1, "unit": "inches"}', 'NFD001BAR', '{"quantity": 140, "status": "in_stock"}', 'standard', 1, '[]', '{"type": "Jet flame torch", "features": "Safety lock, angled burner, carabiner", "housing": "Impact-resistant"}', datetime('now'), datetime('now')),

('variant_13', 'prod_13', 'SAT-001', '[]', '{"amount": 4999, "currency": "USD"}', 'active', 1, '{"amount": 4999, "currency": "USD"}', '{"amount": 2500, "currency": "USD"}', '{"value": 0.5, "unit": "lbs"}', '{"length": 4.5, "width": 2, "height": 0.8, "unit": "inches"}', 'SAT001BAR', '{"quantity": 120, "status": "in_stock"}', 'standard', 1, '[]', '{"power": "Solar panel", "ignition": "Arc system", "housing": "Weather-resistant"}', datetime('now'), datetime('now')),

('variant_14', 'prod_14', 'STP-001', '[]', '{"amount": 7499, "currency": "USD"}', 'active', 1, '{"amount": 7499, "currency": "USD"}', '{"amount": 3700, "currency": "USD"}', '{"value": 2.6, "unit": "lbs"}', '{"length": 18, "width": 12, "height": 7, "unit": "inches"}', 'STP001BAR', '{"quantity": 80, "status": "in_stock"}', 'standard', 1, '[]', '{"finish": "Dark tactical", "closure": "Secure flap buckle", "pockets": "Side utility"}', datetime('now'), datetime('now')),

('variant_15', 'prod_15', 'WHK-001', '[]', '{"amount": 3499, "currency": "USD"}', 'active', 1, '{"amount": 3499, "currency": "USD"}', '{"amount": 1700, "currency": "USD"}', '{"value": 0.8, "unit": "lbs"}', '{"length": 9, "width": 6, "height": 3, "unit": "inches"}', 'WHK001BAR', '{"quantity": 100, "status": "in_stock"}', 'standard', 1, '[]', '{"compartments": "Dual-zippered", "attachment": "Modular loops", "construction": "Reinforced stitching"}', datetime('now'), datetime('now')),

('variant_16', 'prod_16', 'IET-001', '[]', '{"amount": 4299, "currency": "USD"}', 'active', 1, '{"amount": 4299, "currency": "USD"}', '{"amount": 2100, "currency": "USD"}', '{"value": 0.7, "unit": "lbs"}', '{"length": 6, "width": 1.5, "height": 0.8, "unit": "inches"}', 'IET001BAR', '{"quantity": 75, "status": "in_stock"}', 'standard', 1, '[]', '{"tip": "Precision-milled", "design": "Skeletonized panels", "attachment": "Carabiner loop"}', datetime('now'), datetime('now')),

('variant_17', 'prod_17', 'PBD-001', '[]', '{"amount": 3699, "currency": "USD"}', 'active', 1, '{"amount": 3699, "currency": "USD"}', '{"amount": 1800, "currency": "USD"}', '{"value": 0.6, "unit": "lbs"}', '{"length": 6, "width": 1.5, "height": 1.5, "unit": "inches"}', 'PBD001BAR', '{"quantity": 120, "status": "in_stock"}', 'standard', 1, '[]', '{"LED": "High-lumen", "casing": "Dual-tone rugged", "reflector": "Focused cone"}', datetime('now'), datetime('now')),

('variant_18', 'prod_18', 'CPP-001', '[]', '{"amount": 5899, "currency": "USD"}', 'active', 1, '{"amount": 5899, "currency": "USD"}', '{"amount": 2900, "currency": "USD"}', '{"value": 2.4, "unit": "lbs"}', '{"length": 18, "width": 11, "height": 7, "unit": "inches"}', 'CPP001BAR', '{"quantity": 90, "status": "in_stock"}', 'standard', 1, '[]', '{"webbing": "MOLLE", "straps": "Reinforced", "design": "Expansive compartmental"}', datetime('now'), datetime('now')),

('variant_19', 'prod_19', 'APT-001', '[]', '{"amount": 6399, "currency": "USD"}', 'active', 1, '{"amount": 6399, "currency": "USD"}', '{"amount": 3200, "currency": "USD"}', '{"value": 0.9, "unit": "lbs"}', '{"length": 5, "width": 3, "height": 1.5, "unit": "inches"}', 'APT001BAR', '{"quantity": 60, "status": "in_stock"}', 'standard', 1, '[]', '{"sensor": "Integrated pulse", "display": "High-visibility", "casing": "Arctic-grade"}', datetime('now'), datetime('now')),

('variant_20', 'prod_20', 'ZRK-001', '[]', '{"amount": 5499, "currency": "USD"}', 'active', 1, '{"amount": 5499, "currency": "USD"}', '{"amount": 2700, "currency": "USD"}', '{"value": 1.8, "unit": "lbs"}', '{"length": 12, "width": 8, "height": 5, "unit": "inches"}', 'ZRK001BAR', '{"quantity": 75, "status": "in_stock"}', 'standard', 1, '[]', '{"webbing": "MOLLE", "compartments": "Padded", "purpose": "Geological sampling"}', datetime('now'), datetime('now')),

('variant_21', 'prod_21', 'SBD-001', '[]', '{"amount": 4299, "currency": "USD"}', 'active', 1, '{"amount": 4299, "currency": "USD"}', '{"amount": 2100, "currency": "USD"}', '{"value": 0.2, "unit": "lbs"}', '{"length": 4, "width": 1, "height": 0.8, "unit": "inches"}', 'SBD001BAR', '{"quantity": 100, "status": "in_stock"}', 'standard', 1, '[]', '{"size": "Pocket-sized", "switch": "Recessed power", "grip": "Textured zones"}', datetime('now'), datetime('now')),

('variant_22', 'prod_22', 'CTT-001', '[]', '{"amount": 3899, "currency": "USD"}', 'active', 1, '{"amount": 3899, "currency": "USD"}', '{"amount": 1900, "currency": "USD"}', '{"value": 0.5, "unit": "lbs"}', '{"length": 5, "width": 1.2, "height": 0.6, "unit": "inches"}', 'CTT001BAR', '{"quantity": 100, "status": "in_stock"}', 'standard', 1, '[]', '{"alloy": "High-strength", "functions": "Hex wrench, pry edge, screw bit", "sheath": "Tactical"}', datetime('now'), datetime('now')),

('variant_23', 'prod_23', 'OSP-001', '[]', '{"amount": 6599, "currency": "USD"}', 'active', 1, '{"amount": 6599, "currency": "USD"}', '{"amount": 3300, "currency": "USD"}', '{"value": 3.1, "unit": "lbs"}', '{"length": 20, "width": 13, "height": 8, "unit": "inches"}', 'OSP001BAR', '{"quantity": 100, "status": "in_stock"}', 'standard', 1, '[]', '{"material": "Rugged nylon", "webbing": "MOLLE throughout", "compatibility": "Hydration"}', datetime('now'), datetime('now')),

('variant_24', 'prod_24', 'BEK-001', '[]', '{"amount": 3499, "currency": "USD"}', 'active', 1, '{"amount": 3499, "currency": "USD"}', '{"amount": 1700, "currency": "USD"}', '{"value": 0.7, "unit": "lbs"}', '{"length": 8, "width": 5, "height": 2.5, "unit": "inches"}', 'BEK001BAR', '{"quantity": 100, "status": "in_stock"}', 'standard', 1, '[]', '{"material": "Durable canvas", "loops": "Reinforced", "design": "MOLLE-compatible"}', datetime('now'), datetime('now')),

('variant_25', 'prod_25', 'FHD-001', '[]', '{"amount": 4199, "currency": "USD"}', 'active', 1, '{"amount": 4199, "currency": "USD"}', '{"amount": 2100, "currency": "USD"}', '{"value": 0.6, "unit": "lbs"}', '{"length": 4.5, "width": 2.5, "height": 1.2, "unit": "inches"}', 'FHD001BAR', '{"quantity": 85, "status": "in_stock"}', 'standard', 1, '[]', '{"housing": "Ruggedized", "grip": "Thermal-safe", "electronics": "Insulated"}', datetime('now'), datetime('now')),

('variant_26', 'prod_26', 'SGT-001', '[]', '{"amount": 4599, "currency": "USD"}', 'active', 1, '{"amount": 4599, "currency": "USD"}', '{"amount": 2300, "currency": "USD"}', '{"value": 0.4, "unit": "lbs"}', '{"length": 4, "width": 2, "height": 1, "unit": "inches"}', 'SGT001BAR', '{"quantity": 90, "status": "in_stock"}', 'standard', 1, '[]', '{"display": "Bright", "grips": "Textured", "size": "Palm-sized"}', datetime('now'), datetime('now')),

('variant_27', 'prod_27', 'ECP-001', '[]', '{"amount": 5499, "currency": "USD"}', 'active', 1, '{"amount": 5499, "currency": "USD"}', '{"amount": 2700, "currency": "USD"}', '{"value": 2.3, "unit": "lbs"}', '{"length": 17, "width": 12, "height": 6.5, "unit": "inches"}', 'ECP001BAR', '{"quantity": 85, "status": "in_stock"}', 'standard', 1, '[]', '{"design": "Dual-tone", "panel": "Ember-colored", "closure": "Front buckles"}', datetime('now'), datetime('now')),

('variant_28', 'prod_28', 'SRK-001', '[]', '{"amount": 3299, "currency": "USD"}', 'active', 1, '{"amount": 3299, "currency": "USD"}', '{"amount": 1600, "currency": "USD"}', '{"value": 0.6, "unit": "lbs"}', '{"length": 9, "width": 6, "height": 3, "unit": "inches"}', 'SRK001BAR', '{"quantity": 115, "status": "in_stock"}', 'standard', 1, '[]', '{"exterior": "Mustard canvas", "pocket": "Front zipper", "straps": "Buckle side"}', datetime('now'), datetime('now')),

('variant_29', 'prod_29', 'QAD-001', '[]', '{"amount": 4899, "currency": "USD"}', 'active', 1, '{"amount": 4899, "currency": "USD"}', '{"amount": 2400, "currency": "USD"}', '{"value": 0.5, "unit": "lbs"}', '{"length": 4, "width": 2.5, "height": 1, "unit": "inches"}', 'QAD001BAR', '{"quantity": 95, "status": "in_stock"}', 'standard', 1, '[]', '{"type": "Digital compass", "keys": "Tactile arrow", "exterior": "Charcoal-toned"}', datetime('now'), datetime('now')),

('variant_30', 'prod_30', 'VRT-001', '[]', '{"amount": 3599, "currency": "USD"}', 'active', 1, '{"amount": 3599, "currency": "USD"}', '{"amount": 1800, "currency": "USD"}', '{"value": 0.4, "unit": "lbs"}', '{"length": 4.5, "width": 1.5, "height": 0.8, "unit": "inches"}', 'VRT001BAR', '{"quantity": 110, "status": "in_stock"}', 'standard', 1, '[]', '{"motif": "Glowing flame", "body": "Reinforced black", "knob": "Knurled adjustment"}', datetime('now'), datetime('now'));

-- =====================================================
-- Pricing Data (Migrated from existing database)
-- =====================================================

-- Pricing entries for products with sale prices
INSERT INTO pricing (id, product_id, list_price, sale_price, type, status, external_references, created_at, updated_at, valid_from, valid_to, campaign_id, pricelist_id, catalog_id, tax, currency_code, minimum_quantity, customer_segment_id, channel_id, region_id, extensions) VALUES
('price_1', 'prod_1', '{"amount": 7999, "currency": "USD"}', '{"amount": 6499, "currency": "USD"}', 'retail', 'active', '{"legacy_price_id": "1", "legacy_sale_id": "1"}', datetime('now'), datetime('now'), datetime('now'), NULL, 'sale_campaign_2024', NULL, NULL, '{"included": true, "rate": 0.08, "type": "sales_tax"}', 'USD', 1, NULL, NULL, 'US', '{"on_sale": true}'),

('price_2', 'prod_2', '{"amount": 2499, "currency": "USD"}', '{"amount": 1999, "currency": "USD"}', 'retail', 'active', '{"legacy_price_id": "2", "legacy_sale_id": "2"}', datetime('now'), datetime('now'), datetime('now'), NULL, 'sale_campaign_2024', NULL, NULL, '{"included": true, "rate": 0.08, "type": "sales_tax"}', 'USD', 1, NULL, NULL, 'US', '{"on_sale": true}'),

('price_3', 'prod_3', '{"amount": 4999, "currency": "USD"}', '{"amount": 4299, "currency": "USD"}', 'retail', 'active', '{"legacy_price_id": "3", "legacy_sale_id": "3"}', datetime('now'), datetime('now'), datetime('now'), NULL, 'sale_campaign_2024', NULL, NULL, '{"included": true, "rate": 0.08, "type": "sales_tax"}', 'USD', 1, NULL, NULL, 'US', '{"on_sale": true}'),

('price_4', 'prod_4', '{"amount": 7999, "currency": "USD"}', '{"amount": 7999, "currency": "USD"}', 'retail', 'active', '{"legacy_price_id": "4"}', datetime('now'), datetime('now'), datetime('now'), NULL, NULL, NULL, NULL, '{"included": true, "rate": 0.08, "type": "sales_tax"}', 'USD', 1, NULL, NULL, 'US', '{"on_sale": false}'),

('price_5', 'prod_5', '{"amount": 3499, "currency": "USD"}', '{"amount": 3499, "currency": "USD"}', 'retail', 'active', '{"legacy_price_id": "5"}', datetime('now'), datetime('now'), datetime('now'), NULL, NULL, NULL, NULL, '{"included": true, "rate": 0.08, "type": "sales_tax"}', 'USD', 1, NULL, NULL, 'US', '{"on_sale": false}'),

('price_6', 'prod_6', '{"amount": 12999, "currency": "USD"}', '{"amount": 12999, "currency": "USD"}', 'retail', 'active', '{"legacy_price_id": "6"}', datetime('now'), datetime('now'), datetime('now'), NULL, NULL, NULL, NULL, '{"included": true, "rate": 0.08, "type": "sales_tax"}', 'USD', 1, NULL, NULL, 'US', '{"on_sale": false}'),

('price_7', 'prod_7', '{"amount": 4499, "currency": "USD"}', '{"amount": 4499, "currency": "USD"}', 'retail', 'active', '{"legacy_price_id": "7"}', datetime('now'), datetime('now'), datetime('now'), NULL, NULL, NULL, NULL, '{"included": true, "rate": 0.08, "type": "sales_tax"}', 'USD', 1, NULL, NULL, 'US', '{"on_sale": false}'),

('price_8', 'prod_8', '{"amount": 5999, "currency": "USD"}', '{"amount": 5999, "currency": "USD"}', 'retail', 'active', '{"legacy_price_id": "8"}', datetime('now'), datetime('now'), datetime('now'), NULL, NULL, NULL, NULL, '{"included": true, "rate": 0.08, "type": "sales_tax"}', 'USD', 1, NULL, NULL, 'US', '{"on_sale": false}'),

('price_9', 'prod_9', '{"amount": 4499, "currency": "USD"}', '{"amount": 4499, "currency": "USD"}', 'retail', 'active', '{"legacy_price_id": "9"}', datetime('now'), datetime('now'), datetime('now'), NULL, NULL, NULL, NULL, '{"included": true, "rate": 0.08, "type": "sales_tax"}', 'USD', 1, NULL, NULL, 'US', '{"on_sale": false}'),

('price_10', 'prod_10', '{"amount": 7499, "currency": "USD"}', '{"amount": 7499, "currency": "USD"}', 'retail', 'active', '{"legacy_price_id": "10"}', datetime('now'), datetime('now'), datetime('now'), NULL, NULL, NULL, NULL, '{"included": true, "rate": 0.08, "type": "sales_tax"}', 'USD', 1, NULL, NULL, 'US', '{"on_sale": false}'),

('price_11', 'prod_11', '{"amount": 6899, "currency": "USD"}', '{"amount": 6899, "currency": "USD"}', 'retail', 'active', '{"legacy_price_id": "11"}', datetime('now'), datetime('now'), datetime('now'), NULL, NULL, NULL, NULL, '{"included": true, "rate": 0.08, "type": "sales_tax"}', 'USD', 1, NULL, NULL, 'US', '{"on_sale": false}'),

('price_12', 'prod_12', '{"amount": 4499, "currency": "USD"}', '{"amount": 4499, "currency": "USD"}', 'retail', 'active', '{"legacy_price_id": "12"}', datetime('now'), datetime('now'), datetime('now'), NULL, NULL, NULL, NULL, '{"included": true, "rate": 0.08, "type": "sales_tax"}', 'USD', 1, NULL, NULL, 'US', '{"on_sale": false}'),

('price_13', 'prod_13', '{"amount": 4999, "currency": "USD"}', '{"amount": 4999, "currency": "USD"}', 'retail', 'active', '{"legacy_price_id": "13"}', datetime('now'), datetime('now'), datetime('now'), NULL, NULL, NULL, NULL, '{"included": true, "rate": 0.08, "type": "sales_tax"}', 'USD', 1, NULL, NULL, 'US', '{"on_sale": false}'),

('price_14', 'prod_14', '{"amount": 7499, "currency": "USD"}', '{"amount": 7499, "currency": "USD"}', 'retail', 'active', '{"legacy_price_id": "14"}', datetime('now'), datetime('now'), datetime('now'), NULL, NULL, NULL, NULL, '{"included": true, "rate": 0.08, "type": "sales_tax"}', 'USD', 1, NULL, NULL, 'US', '{"on_sale": false}'),

('price_15', 'prod_15', '{"amount": 3499, "currency": "USD"}', '{"amount": 3499, "currency": "USD"}', 'retail', 'active', '{"legacy_price_id": "15"}', datetime('now'), datetime('now'), datetime('now'), NULL, NULL, NULL, NULL, '{"included": true, "rate": 0.08, "type": "sales_tax"}', 'USD', 1, NULL, NULL, 'US', '{"on_sale": false}'),

('price_16', 'prod_16', '{"amount": 4299, "currency": "USD"}', '{"amount": 4299, "currency": "USD"}', 'retail', 'active', '{"legacy_price_id": "16"}', datetime('now'), datetime('now'), datetime('now'), NULL, NULL, NULL, NULL, '{"included": true, "rate": 0.08, "type": "sales_tax"}', 'USD', 1, NULL, NULL, 'US', '{"on_sale": false}'),

('price_17', 'prod_17', '{"amount": 3699, "currency": "USD"}', '{"amount": 3699, "currency": "USD"}', 'retail', 'active', '{"legacy_price_id": "17"}', datetime('now'), datetime('now'), datetime('now'), NULL, NULL, NULL, NULL, '{"included": true, "rate": 0.08, "type": "sales_tax"}', 'USD', 1, NULL, NULL, 'US', '{"on_sale": false}'),

('price_18', 'prod_18', '{"amount": 5899, "currency": "USD"}', '{"amount": 5899, "currency": "USD"}', 'retail', 'active', '{"legacy_price_id": "18"}', datetime('now'), datetime('now'), datetime('now'), NULL, NULL, NULL, NULL, '{"included": true, "rate": 0.08, "type": "sales_tax"}', 'USD', 1, NULL, NULL, 'US', '{"on_sale": false}'),

('price_19', 'prod_19', '{"amount": 6399, "currency": "USD"}', '{"amount": 6399, "currency": "USD"}', 'retail', 'active', '{"legacy_price_id": "19"}', datetime('now'), datetime('now'), datetime('now'), NULL, NULL, NULL, NULL, '{"included": true, "rate": 0.08, "type": "sales_tax"}', 'USD', 1, NULL, NULL, 'US', '{"on_sale": false}'),

('price_20', 'prod_20', '{"amount": 5499, "currency": "USD"}', '{"amount": 5499, "currency": "USD"}', 'retail', 'active', '{"legacy_price_id": "20"}', datetime('now'), datetime('now'), datetime('now'), NULL, NULL, NULL, NULL, '{"included": true, "rate": 0.08, "type": "sales_tax"}', 'USD', 1, NULL, NULL, 'US', '{"on_sale": false}'),

('price_21', 'prod_21', '{"amount": 4299, "currency": "USD"}', '{"amount": 4299, "currency": "USD"}', 'retail', 'active', '{"legacy_price_id": "21"}', datetime('now'), datetime('now'), datetime('now'), NULL, NULL, NULL, NULL, '{"included": true, "rate": 0.08, "type": "sales_tax"}', 'USD', 1, NULL, NULL, 'US', '{"on_sale": false}'),

('price_22', 'prod_22', '{"amount": 3899, "currency": "USD"}', '{"amount": 3899, "currency": "USD"}', 'retail', 'active', '{"legacy_price_id": "22"}', datetime('now'), datetime('now'), datetime('now'), NULL, NULL, NULL, NULL, '{"included": true, "rate": 0.08, "type": "sales_tax"}', 'USD', 1, NULL, NULL, 'US', '{"on_sale": false}'),

('price_23', 'prod_23', '{"amount": 6599, "currency": "USD"}', '{"amount": 6599, "currency": "USD"}', 'retail', 'active', '{"legacy_price_id": "23"}', datetime('now'), datetime('now'), datetime('now'), NULL, NULL, NULL, NULL, '{"included": true, "rate": 0.08, "type": "sales_tax"}', 'USD', 1, NULL, NULL, 'US', '{"on_sale": false}'),

('price_24', 'prod_24', '{"amount": 3499, "currency": "USD"}', '{"amount": 3499, "currency": "USD"}', 'retail', 'active', '{"legacy_price_id": "24"}', datetime('now'), datetime('now'), datetime('now'), NULL, NULL, NULL, NULL, '{"included": true, "rate": 0.08, "type": "sales_tax"}', 'USD', 1, NULL, NULL, 'US', '{"on_sale": false}'),

('price_25', 'prod_25', '{"amount": 4199, "currency": "USD"}', '{"amount": 4199, "currency": "USD"}', 'retail', 'active', '{"legacy_price_id": "25"}', datetime('now'), datetime('now'), datetime('now'), NULL, NULL, NULL, NULL, '{"included": true, "rate": 0.08, "type": "sales_tax"}', 'USD', 1, NULL, NULL, 'US', '{"on_sale": false}'),

('price_26', 'prod_26', '{"amount": 4599, "currency": "USD"}', '{"amount": 4599, "currency": "USD"}', 'retail', 'active', '{"legacy_price_id": "26"}', datetime('now'), datetime('now'), datetime('now'), NULL, NULL, NULL, NULL, '{"included": true, "rate": 0.08, "type": "sales_tax"}', 'USD', 1, NULL, NULL, 'US', '{"on_sale": false}'),

('price_27', 'prod_27', '{"amount": 5499, "currency": "USD"}', '{"amount": 5499, "currency": "USD"}', 'retail', 'active', '{"legacy_price_id": "27"}', datetime('now'), datetime('now'), datetime('now'), NULL, NULL, NULL, NULL, '{"included": true, "rate": 0.08, "type": "sales_tax"}', 'USD', 1, NULL, NULL, 'US', '{"on_sale": false}'),

('price_28', 'prod_28', '{"amount": 3299, "currency": "USD"}', '{"amount": 3299, "currency": "USD"}', 'retail', 'active', '{"legacy_price_id": "28"}', datetime('now'), datetime('now'), datetime('now'), NULL, NULL, NULL, NULL, '{"included": true, "rate": 0.08, "type": "sales_tax"}', 'USD', 1, NULL, NULL, 'US', '{"on_sale": false}'),

('price_29', 'prod_29', '{"amount": 4899, "currency": "USD"}', '{"amount": 4899, "currency": "USD"}', 'retail', 'active', '{"legacy_price_id": "29"}', datetime('now'), datetime('now'), datetime('now'), NULL, NULL, NULL, NULL, '{"included": true, "rate": 0.08, "type": "sales_tax"}', 'USD', 1, NULL, NULL, 'US', '{"on_sale": false}'),

('price_30', 'prod_30', '{"amount": 3599, "currency": "USD"}', '{"amount": 3599, "currency": "USD"}', 'retail', 'active', '{"legacy_price_id": "30"}', datetime('now'), datetime('now'), datetime('now'), NULL, NULL, NULL, NULL, '{"included": true, "rate": 0.08, "type": "sales_tax"}', 'USD', 1, NULL, NULL, 'US', '{"on_sale": false}');

-- =====================================================
-- Inventory Data (Migrated from existing database)
-- =====================================================

-- Inventory entries for all products using actual quantities from database
INSERT INTO inventory (id, sku_id, location_id, quantities, status, stock_status, external_references, created_at, updated_at, policy_id, backorderable, backorder_eta, safety_stock, version, extensions) VALUES
('inv_1', 'variant_1', 'warehouse_main', '{"on_hand": 50, "reserved": 0, "available": 50}', 'active', 'in_stock', '{"legacy_inventory_id": "1"}', datetime('now'), datetime('now'), NULL, 0, NULL, 5, 0, '{}'),
('inv_2', 'variant_2', 'warehouse_main', '{"on_hand": 150, "reserved": 0, "available": 150}', 'active', 'in_stock', '{"legacy_inventory_id": "2"}', datetime('now'), datetime('now'), NULL, 0, NULL, 10, 0, '{}'),
('inv_3', 'variant_3', 'warehouse_main', '{"on_hand": 75, "reserved": 0, "available": 75}', 'active', 'in_stock', '{"legacy_inventory_id": "3"}', datetime('now'), datetime('now'), NULL, 0, NULL, 5, 0, '{}'),
('inv_4', 'variant_4', 'warehouse_main', '{"on_hand": 60, "reserved": 0, "available": 60}', 'active', 'in_stock', '{"legacy_inventory_id": "4"}', datetime('now'), datetime('now'), NULL, 0, NULL, 5, 0, '{}'),
('inv_5', 'variant_5', 'warehouse_main', '{"on_hand": 90, "reserved": 0, "available": 90}', 'active', 'in_stock', '{"legacy_inventory_id": "5"}', datetime('now'), datetime('now'), NULL, 0, NULL, 10, 0, '{}'),
('inv_6', 'variant_6', 'warehouse_main', '{"on_hand": 60, "reserved": 0, "available": 60}', 'active', 'in_stock', '{"legacy_inventory_id": "6"}', datetime('now'), datetime('now'), NULL, 0, NULL, 5, 0, '{}'),
('inv_7', 'variant_7', 'warehouse_main', '{"on_hand": 80, "reserved": 0, "available": 80}', 'active', 'in_stock', '{"legacy_inventory_id": "7"}', datetime('now'), datetime('now'), NULL, 0, NULL, 5, 0, '{}'),
('inv_8', 'variant_8', 'warehouse_main', '{"on_hand": 120, "reserved": 0, "available": 120}', 'active', 'in_stock', '{"legacy_inventory_id": "8"}', datetime('now'), datetime('now'), NULL, 0, NULL, 10, 0, '{}'),
('inv_9', 'variant_9', 'warehouse_main', '{"on_hand": 140, "reserved": 0, "available": 140}', 'active', 'in_stock', '{"legacy_inventory_id": "9"}', datetime('now'), datetime('now'), NULL, 0, NULL, 10, 0, '{}'),
('inv_10', 'variant_10', 'warehouse_main', '{"on_hand": 110, "reserved": 0, "available": 110}', 'active', 'in_stock', '{"legacy_inventory_id": "10"}', datetime('now'), datetime('now'), NULL, 0, NULL, 10, 0, '{}'),
('inv_11', 'variant_11', 'warehouse_main', '{"on_hand": 95, "reserved": 0, "available": 95}', 'active', 'in_stock', '{"legacy_inventory_id": "11"}', datetime('now'), datetime('now'), NULL, 0, NULL, 10, 0, '{}'),
('inv_12', 'variant_12', 'warehouse_main', '{"on_hand": 140, "reserved": 0, "available": 140}', 'active', 'in_stock', '{"legacy_inventory_id": "12"}', datetime('now'), datetime('now'), NULL, 0, NULL, 10, 0, '{}'),
('inv_13', 'variant_13', 'warehouse_main', '{"on_hand": 120, "reserved": 0, "available": 120}', 'active', 'in_stock', '{"legacy_inventory_id": "13"}', datetime('now'), datetime('now'), NULL, 0, NULL, 10, 0, '{}'),
('inv_14', 'variant_14', 'warehouse_main', '{"on_hand": 80, "reserved": 0, "available": 80}', 'active', 'in_stock', '{"legacy_inventory_id": "14"}', datetime('now'), datetime('now'), NULL, 0, NULL, 5, 0, '{}'),
('inv_15', 'variant_15', 'warehouse_main', '{"on_hand": 100, "reserved": 0, "available": 100}', 'active', 'in_stock', '{"legacy_inventory_id": "15"}', datetime('now'), datetime('now'), NULL, 0, NULL, 10, 0, '{}'),
('inv_16', 'variant_16', 'warehouse_main', '{"on_hand": 75, "reserved": 0, "available": 75}', 'active', 'in_stock', '{"legacy_inventory_id": "16"}', datetime('now'), datetime('now'), NULL, 0, NULL, 5, 0, '{}'),
('inv_17', 'variant_17', 'warehouse_main', '{"on_hand": 120, "reserved": 0, "available": 120}', 'active', 'in_stock', '{"legacy_inventory_id": "17"}', datetime('now'), datetime('now'), NULL, 0, NULL, 10, 0, '{}'),
('inv_18', 'variant_18', 'warehouse_main', '{"on_hand": 90, "reserved": 0, "available": 90}', 'active', 'in_stock', '{"legacy_inventory_id": "18"}', datetime('now'), datetime('now'), NULL, 0, NULL, 10, 0, '{}'),
('inv_19', 'variant_19', 'warehouse_main', '{"on_hand": 60, "reserved": 0, "available": 60}', 'active', 'in_stock', '{"legacy_inventory_id": "19"}', datetime('now'), datetime('now'), NULL, 0, NULL, 5, 0, '{}'),
('inv_20', 'variant_20', 'warehouse_main', '{"on_hand": 75, "reserved": 0, "available": 75}', 'active', 'in_stock', '{"legacy_inventory_id": "20"}', datetime('now'), datetime('now'), NULL, 0, NULL, 5, 0, '{}'),
('inv_21', 'variant_21', 'warehouse_main', '{"on_hand": 100, "reserved": 0, "available": 100}', 'active', 'in_stock', '{"legacy_inventory_id": "21"}', datetime('now'), datetime('now'), NULL, 0, NULL, 10, 0, '{}'),
('inv_22', 'variant_22', 'warehouse_main', '{"on_hand": 100, "reserved": 0, "available": 100}', 'active', 'in_stock', '{"legacy_inventory_id": "22"}', datetime('now'), datetime('now'), NULL, 0, NULL, 10, 0, '{}'),
('inv_23', 'variant_23', 'warehouse_main', '{"on_hand": 100, "reserved": 0, "available": 100}', 'active', 'in_stock', '{"legacy_inventory_id": "23"}', datetime('now'), datetime('now'), NULL, 0, NULL, 10, 0, '{}'),
('inv_24', 'variant_24', 'warehouse_main', '{"on_hand": 100, "reserved": 0, "available": 100}', 'active', 'in_stock', '{"legacy_inventory_id": "24"}', datetime('now'), datetime('now'), NULL, 0, NULL, 10, 0, '{}'),
('inv_25', 'variant_25', 'warehouse_main', '{"on_hand": 85, "reserved": 0, "available": 85}', 'active', 'in_stock', '{"legacy_inventory_id": "25"}', datetime('now'), datetime('now'), NULL, 0, NULL, 5, 0, '{}'),
('inv_26', 'variant_26', 'warehouse_main', '{"on_hand": 90, "reserved": 0, "available": 90}', 'active', 'in_stock', '{"legacy_inventory_id": "26"}', datetime('now'), datetime('now'), NULL, 0, NULL, 10, 0, '{}'),
('inv_27', 'variant_27', 'warehouse_main', '{"on_hand": 85, "reserved": 0, "available": 85}', 'active', 'in_stock', '{"legacy_inventory_id": "27"}', datetime('now'), datetime('now'), NULL, 0, NULL, 5, 0, '{}'),
('inv_28', 'variant_28', 'warehouse_main', '{"on_hand": 115, "reserved": 0, "available": 115}', 'active', 'in_stock', '{"legacy_inventory_id": "28"}', datetime('now'), datetime('now'), NULL, 0, NULL, 10, 0, '{}'),
('inv_29', 'variant_29', 'warehouse_main', '{"on_hand": 95, "reserved": 0, "available": 95}', 'active', 'in_stock', '{"legacy_inventory_id": "29"}', datetime('now'), datetime('now'), NULL, 0, NULL, 10, 0, '{}'),
('inv_30', 'variant_30', 'warehouse_main', '{"on_hand": 110, "reserved": 0, "available": 110}', 'active', 'in_stock', '{"legacy_inventory_id": "30"}', datetime('now'), datetime('now'), NULL, 0, NULL, 10, 0, '{}');
